{
  "baseline_euler": {
    "fid": 113.61537843553268,
    "precision": 0.431640625,
    "recall": 0.83251953125
  },
  "baseline_heun": {
    "fid": 111.43938671263669,
    "precision": 0.43408203125,
    "recall": 0.83251953125
  },
  "single_expert": {
    "fid": 3206.189671604527,
    "precision": 0.0,
    "recall": 0.0
  },
  "random_expert": {
    "fid": 2771.8137870199835,
    "precision": 0.0,
    "recall": 0.0
  },
  "best_expert": {
    "fid": 2254.720964546525,
    "precision": 0.0,
    "recall": 0.0
  },
  "mixture_score": {
    "fid": 2683.7117826478902,
    "precision": 0.0,
    "recall": 0.0
  },
  "gated": {
    "fid": 13.001763680184458,
    "precision": 0.63037109375,
    "recall": 0.8583984375
  }
}