{
  "dataset": "mnist",
  "classes": [
    "0",
    "1",
    "2",
    "3",
    "4",
    "5",
    "6",
    "7",
    "8",
    "9"
  ],
  "raw_dim": 784,
  "train_n": 30000,
  "test_n": 5000,
  "normalization": "[-1,1]",
  "feature_mode": "pca",
  "latent_dim": 64,
  "C": 10,
  "sigma2_iso": 0.9267913208007813,
  "priors": [
    0.09936666488647461,
    0.11270000040531158,
    0.09776666760444641,
    0.09916666895151138,
    0.09833333641290665,
    0.0908999964594841,
    0.09880000352859497,
    0.1066666692495346,
    0.09866666793823242,
    0.09763333201408386
  ],
  "times": [
    0.15,
    0.25,
    0.35,
    0.5,
    0.7,
    0.85,
    1.1,
    1.3,
    1.5,
    1.8,
    2.05,
    2.3,
    2.5,
    2.8,
    3.0
  ]
}