baseline_loss,step
1.3528869152069092,1
0.01946895383298397,500
0.016627946868538857,1000
0.016751399263739586,1500
0.016064416617155075,2000
0.01803654059767723,2500
0.015989404171705246,3000
