{
  "baseline_euler": {
    "fid": 113.61537843553268,
    "precision": 0.431640625,
    "recall": 0.83251953125
  },
  "baseline_heun": {
    "fid": 111.43938671263669,
    "precision": 0.43408203125,
    "recall": 0.83251953125
  },
  "single_expert": {
    "fid": 116.25595769829692,
    "precision": 0.61865234375,
    "recall": 0.77099609375
  },
  "random_expert": {
    "fid": 94.04289685832892,
    "precision": 0.490234375,
    "recall": 0.84130859375
  },
  "best_expert": {
    "fid": 423.3064472584929,
    "precision": 0.3076171875,
    "recall": 0.83935546875
  },
  "mixture_score": {
    "fid": 110.68069198492267,
    "precision": 0.4794921875,
    "recall": 0.8564453125
  },
  "gated": {
    "fid": 116.47589404152754,
    "precision": 0.55712890625,
    "recall": 0.81884765625
  }
}