{
  "baseline_euler": {
    "fid": 113.61537843553268,
    "precision": 0.431640625,
    "recall": 0.83251953125
  },
  "baseline_heun": {
    "fid": 111.43938671263669,
    "precision": 0.43408203125,
    "recall": 0.83251953125
  },
  "single_expert": {
    "fid": 504.91965249437953,
    "precision": 0.7158203125,
    "recall": 0.71728515625
  },
  "random_expert": {
    "fid": 1376.9823299256796,
    "precision": 0.0,
    "recall": 0.08154296875
  },
  "best_expert": {
    "fid": 2549.4582030467304,
    "precision": 0.0,
    "recall": 0.0
  },
  "mixture_score": {
    "fid": 1971.7641492277548,
    "precision": 0.0,
    "recall": 0.0
  },
  "gated": {
    "fid": 131.12441872164135,
    "precision": 0.66162109375,
    "recall": 0.84765625
  }
}