{
  "dataset": "mnist",
  "classes": [
    "0",
    "1",
    "2",
    "3",
    "4",
    "5",
    "6",
    "7",
    "8",
    "9"
  ],
  "raw_dim": 784,
  "train_n": 30000,
  "test_n": 5000,
  "normalization": "[-1,1]",
  "feature_mode": "pca",
  "latent_dim": 64,
  "C": 10,
  "sigma2_iso": 0.9266702189127605,
  "priors": [
    0.09786667674779892,
    0.11276667565107346,
    0.10023333877325058,
    0.10286667197942734,
    0.0958000048995018,
    0.08946667611598969,
    0.09953334182500839,
    0.10480000823736191,
    0.09723334014415741,
    0.09943334013223648
  ],
  "times": [
    0.15,
    0.25,
    0.35,
    0.5,
    0.7,
    0.85,
    1.1,
    1.3,
    1.5,
    1.8,
    2.05,
    2.3,
    2.5,
    2.8,
    3.0
  ]
}