{
  "baseline_euler": {
    "fid": 113.61537843553268,
    "precision": 0.431640625,
    "recall": 0.83251953125
  },
  "baseline_heun": {
    "fid": 111.43938671263669,
    "precision": 0.43408203125,
    "recall": 0.83251953125
  },
  "single_expert": {
    "fid": 14.673560052031586,
    "precision": 0.62255859375,
    "recall": 0.86962890625
  },
  "random_expert": {
    "fid": 2128.597023662715,
    "precision": 0.0,
    "recall": 0.0
  },
  "best_expert": {
    "fid": 2547.1026067286184,
    "precision": 0.0,
    "recall": 0.0
  },
  "mixture_score": {
    "fid": 1764.41827024872,
    "precision": 0.0,
    "recall": 0.0
  },
  "gated": {
    "fid": 14.688511726572184,
    "precision": 0.6181640625,
    "recall": 0.86962890625
  }
}