{
  "lambda_free": 0.5800955295562744,
  "lambda_class": 29.045665740966797,
  "lambda_trans": 0.7003268003463745,
  "beta_free": 0.8619270008552885,
  "beta_class": 0.01721427232755028,
  "beta_trans": 0.7139524001547636,
  "alpha_log_n_over_d": 0.12225071891962956,
  "v_emp": 0.17403903603553772,
  "beta_glass_emp": 1.1852702234685641,
  "beta_target": 0.051642816982650844,
  "residual_mse": 0.8844422698020935,
  "class_basis_rank": 4,
  "window_class_before_trans": 1.0,
  "window_class_before_glass": 1.0
}