{
  "baseline_euler": {
    "fid": 113.61537843553268,
    "precision": 0.431640625,
    "recall": 0.83251953125
  },
  "baseline_heun": {
    "fid": 111.43938671263669,
    "precision": 0.43408203125,
    "recall": 0.83251953125
  },
  "single_expert": {
    "fid": 339.1177745163296,
    "precision": 0.626953125,
    "recall": 0.9013671875
  },
  "random_expert": {
    "fid": 81.66734663909779,
    "precision": 0.37353515625,
    "recall": 0.8662109375
  },
  "best_expert": {
    "fid": 287.85953055856237,
    "precision": 0.38037109375,
    "recall": 0.80419921875
  },
  "mixture_score": {
    "fid": 113.39806509260877,
    "precision": 0.3408203125,
    "recall": 0.81396484375
  },
  "gated": {
    "fid": 88.24985706113347,
    "precision": 0.64404296875,
    "recall": 0.83642578125
  }
}