{
  "dataset": "cifar10",
  "classes": [
    "airplane",
    "automobile",
    "bird",
    "cat",
    "deer",
    "dog",
    "frog",
    "horse",
    "ship",
    "truck"
  ],
  "raw_dim": 3072,
  "train_n": 50000,
  "test_n": 10000,
  "normalization": "[-1,1]",
  "feature_mode": "pca",
  "latent_dim": 192,
  "C": 10,
  "sigma2_iso": 0.9939656119791667,
  "priors": [
    0.09999998658895493,
    0.09999998658895493,
    0.09999998658895493,
    0.09999998658895493,
    0.09999998658895493,
    0.09999998658895493,
    0.09999998658895493,
    0.09999998658895493,
    0.09999998658895493,
    0.09999998658895493
  ],
  "times": [
    0.2,
    0.35,
    0.5,
    0.7,
    0.85,
    1.1,
    1.3,
    1.5,
    1.8,
    2.05,
    2.3,
    2.5,
    2.8,
    3.0
  ]
}