{
  "dataset": "mnist",
  "classes": [
    "0",
    "1",
    "2",
    "3",
    "4",
    "5",
    "6",
    "7",
    "8",
    "9"
  ],
  "raw_dim": 784,
  "train_n": 30000,
  "test_n": 5000,
  "normalization": "[-1,1]",
  "feature_mode": "pca",
  "latent_dim": 64,
  "C": 10,
  "sigma2_iso": 0.9260888224283854,
  "priors": [
    0.09956667572259903,
    0.11070000380277634,
    0.0992666706442833,
    0.10246667265892029,
    0.09630000591278076,
    0.09180000424385071,
    0.09683334082365036,
    0.1039000079035759,
    0.09933333843946457,
    0.09983333945274353
  ],
  "times": [
    0.15,
    0.25,
    0.35,
    0.5,
    0.7,
    0.85,
    1.1,
    1.3,
    1.5,
    1.8,
    2.05,
    2.3,
    2.5,
    2.8,
    3.0
  ]
}