{
  "lambda_free": 0.0841887965798378,
  "lambda_class": 0.9163100719451904,
  "lambda_trans": 1.1533339023590088,
  "beta_free": 5.9390325115983895,
  "beta_class": 0.5456668166252654,
  "beta_trans": 0.4335257976699626,
  "beta_glass_emp": 7.644205959364432,
  "alpha_log_n_over_d": 0.026983419058523972,
  "residual_mse": 0.21530278027057648,
  "v_emp": 0.0009235538309440017
}