beta,step,test_best_mse,test_class_mi_norm,test_class_purity,test_eff_frac_mean,test_eff_frac_min,test_expert_align_m,test_expert_diversity,test_soft_mse,test_usage_entropy,variant
0.30643348241439994,0,1.000405192375183,0.011357062496244907,0.10000001093596111,0.9999925941228867,0.9999924898147583,0.09004510939121246,0.8638989329338074,1.000520944595337,0.9910626411437988,fixed_good
0.30643348241439994,100,0.8837636709213257,0.006749552674591541,0.08333334207519627,0.9999938011169434,0.9999929070472717,0.08951036632061005,0.00814391952008009,0.8838693499565125,0.9959118962287903,fixed_good
0.30643348241439994,200,0.799508273601532,0.0017364546656608582,0.05666665992957576,0.9999949932098389,0.9999944567680359,0.09010279178619385,0.004161422606557608,0.7996078729629517,0.9606504440307617,fixed_good
0.30643348241439994,300,0.7298034429550171,0.0004197965026833117,0.02000001319404987,0.9999956786632538,0.9999944567680359,0.09122326970100403,0.002891942858695984,0.7299627661705017,0.7102263569831848,fixed_good
0.30643348241439994,400,0.6719310879707336,0.0031688653398305178,0.04000005742334167,0.9999907612800598,0.9999799728393555,0.08388540148735046,0.003363207448273897,0.6724949479103088,0.03777284920215607,fixed_good
0.30643348241439994,500,0.6218097805976868,0.0,0.0366666316986084,0.9999191015958786,0.9997521042823792,0.07535939663648605,0.00843422207981348,0.6236479878425598,-0.0,fixed_good
