beta,step,test_best_mse,test_class_mi_norm,test_class_purity,test_eff_frac_mean,test_eff_frac_min,test_expert_align_m,test_expert_diversity,test_soft_mse,test_usage_entropy,variant
0.0,0,0.9996128678321838,0.0027077554259449244,0.06333333556746013,1.0000001192092896,1.0000001192092896,0.08594169467687607,0.8666334748268127,0.9997304677963257,0.994344174861908,uniform
0.0,100,0.8860886693000793,0.0007666507735848427,0.060000003195971985,1.0000001192092896,1.0000001192092896,0.08507493883371353,0.007791690528392792,0.8861845135688782,0.9992026090621948,uniform
0.0,200,0.7953386902809143,0.002065737033262849,0.04666666351955051,1.0000001192092896,1.0000001192092896,0.08442225307226181,0.0038527511060237885,0.7954179048538208,0.999187171459198,uniform
0.0,300,0.7312197089195251,0.003421664936468005,0.06333334704762805,1.0000001192092896,1.0000001192092896,0.08390431851148605,0.002544117858633399,0.7312847971916199,0.99973464012146,uniform
0.0,400,0.6655755043029785,0.0049456642009317875,0.07666668838049517,1.0000001192092896,1.0000001192092896,0.08349592238664627,0.0018970774253830314,0.6656327247619629,0.9977896809577942,uniform
0.0,500,0.6218883395195007,0.003688820404931903,0.0733333399337548,1.0000001192092896,1.0000001192092896,0.08321640640497208,0.0015125134959816933,0.6219384670257568,0.9966471791267395,uniform
