{
  "baseline_heun": {
    "fid": 75.4975624722596,
    "precision": 0.5595703125,
    "recall": 0.7734375
  },
  "mixture_score": {
    "commit_fraction": 0.0,
    "fallback_count": 0.0,
    "fallback_fraction": 0.0,
    "fid": 46.96875441462777,
    "num_samples": 256.0,
    "num_steps": 80.0,
    "precision": 0.638671875,
    "recall": 0.79296875
  },
  "paired_mixture_vs_risk_softmix": {
    "fid_diff_mix_minus_soft_ci95_hi": 0.00010082435518256696,
    "fid_diff_mix_minus_soft_ci95_lo": -0.00219858741614189,
    "fid_diff_mix_minus_soft_mean": -0.0010488815304796617,
    "fid_diff_mix_minus_soft_pvalue_normal_approx": 0.0737572512065091,
    "fid_diff_mix_minus_soft_std": 0.0008295559470631096,
    "n_pairs": 2.0
  },
  "random_expert": {
    "commit_fraction": 0.0,
    "fallback_count": 0.0,
    "fallback_fraction": 0.0,
    "fid": 43.71264231075078,
    "gate_usage_entropy": 0.9944452196359634,
    "num_samples": 256.0,
    "num_steps": 80.0,
    "precision": 0.642578125,
    "recall": 0.818359375,
    "usage_frac_0": 0.2373046875,
    "usage_frac_1": 0.2451171875,
    "usage_frac_2": 0.26171875,
    "usage_frac_3": 0.255859375
  },
  "risk_commit_once": {
    "commit_fraction": 1.0,
    "commit_time_max": 0.31800001859664917,
    "commit_time_mean": 0.31800001859664917,
    "commit_time_min": 0.31800001859664917,
    "fallback_count": 18432.0,
    "fallback_fraction": 0.9,
    "fid": 42.730484442700636,
    "gate_usage_entropy": 0.3295103684067726,
    "num_samples": 256.0,
    "num_steps": 80.0,
    "precision": 0.68359375,
    "recall": 0.76171875,
    "risk_margin_mean_over_steps": 1.6582859529989948e-10,
    "usage_frac_0": 0.833984375,
    "usage_frac_1": 0.1640625,
    "usage_frac_2": 0.0,
    "usage_frac_3": 0.001953125
  },
  "risk_confident": {
    "commit_fraction": 0.0,
    "fallback_count": 20480.0,
    "fallback_fraction": 1.0,
    "fid": 44.356112103081784,
    "gate_usage_entropy": 0.5303569436073303,
    "num_samples": 256.0,
    "num_steps": 80.0,
    "precision": 0.6513671875,
    "recall": 0.796875,
    "risk_margin_mean_over_steps": 1.7245227468265514e-10,
    "usage_frac_0": 0.653210461139679,
    "usage_frac_1": 0.32691650837659836,
    "usage_frac_2": 0.009448242373764515,
    "usage_frac_3": 0.010424804640933871
  },
  "risk_gated": {
    "commit_fraction": 0.0,
    "fallback_count": 0.0,
    "fallback_fraction": 0.0,
    "fid": 44.718705023909436,
    "gate_usage_entropy": 0.5274680554866791,
    "num_samples": 256.0,
    "num_steps": 80.0,
    "precision": 0.6279296875,
    "recall": 0.78125,
    "risk_margin_mean_over_steps": 1.7532286733512592e-10,
    "usage_frac_0": 0.652514636516571,
    "usage_frac_1": 0.32886961847543716,
    "usage_frac_2": 0.009118652204051614,
    "usage_frac_3": 0.009497070219367743
  },
  "risk_softmix": {
    "commit_fraction": 0.0,
    "fallback_count": 0.0,
    "fallback_fraction": 0.0,
    "fid": 44.20413140053444,
    "gate_usage_entropy": 0.5072701126337051,
    "num_samples": 256.0,
    "num_steps": 80.0,
    "precision": 0.6494140625,
    "recall": 0.77734375,
    "risk_margin_mean_over_steps": 1.650711567435792e-10,
    "usage_frac_0": 0.6859008818864822,
    "usage_frac_1": 0.2962036058306694,
    "usage_frac_2": 0.008239745860919356,
    "usage_frac_3": 0.009655761998146772
  },
  "single_expert": {
    "commit_fraction": 0.0,
    "fallback_count": 0.0,
    "fallback_fraction": 0.0,
    "fid": 43.89387754481204,
    "gate_usage_entropy": 5.979470391048736e-11,
    "num_samples": 256.0,
    "num_steps": 80.0,
    "precision": 0.6328125,
    "recall": 0.7919921875,
    "usage_frac_0": 1.0,
    "usage_frac_1": 0.0,
    "usage_frac_2": 0.0,
    "usage_frac_3": 0.0
  }
}