{
  "fid_diff_mix_minus_soft_ci95_hi": 0.00010082435518256696,
  "fid_diff_mix_minus_soft_ci95_lo": -0.00219858741614189,
  "fid_diff_mix_minus_soft_mean": -0.0010488815304796617,
  "fid_diff_mix_minus_soft_pvalue_normal_approx": 0.0737572512065091,
  "fid_diff_mix_minus_soft_std": 0.0008295559470631096,
  "n_pairs": 2.0
}