{
  "baseline_heun": {
    "fid": 56.02374565205295,
    "num_samples": 2048,
    "precision": 0.5810546875,
    "recall": 0.77001953125
  },
  "mixture_score": {
    "commit_fraction": 0.0,
    "fallback_count": 0.0,
    "fallback_fraction": 0.0,
    "fid": 958.5641916201455,
    "num_samples": 2048,
    "num_steps": 100.0,
    "precision": 0.19873046875,
    "recall": 0.013671875,
    "sample_batch_size": 256
  },
  "paired_mixture_vs_risk_softmix": {
    "fid_diff_mix_minus_soft_ci95_hi": 914.1350891549355,
    "fid_diff_mix_minus_soft_ci95_lo": 892.728155103393,
    "fid_diff_mix_minus_soft_mean": 903.4316221291642,
    "fid_diff_mix_minus_soft_pvalue_normal_approx": 0.0,
    "fid_diff_mix_minus_soft_std": 7.722953179723957,
    "n_pairs": 2.0
  },
  "random_expert": {
    "commit_fraction": 0.0,
    "fallback_count": 0.0,
    "fallback_fraction": 0.0,
    "fid": 828.4313648970357,
    "gate_usage_entropy": 0.9950173497200012,
    "num_samples": 2048,
    "num_steps": 100.0,
    "precision": 0.1748046875,
    "recall": 0.83056640625,
    "sample_batch_size": 256,
    "usage_frac_0": 0.24365234375,
    "usage_frac_1": 0.24951171875,
    "usage_frac_2": 0.24951171875,
    "usage_frac_3": 0.25732421875
  },
  "risk_commit_once": {
    "commit_fraction": 1.0,
    "commit_time_max": 3.0,
    "commit_time_mean": 3.0,
    "commit_time_min": 3.0,
    "fallback_count": 0.0,
    "fallback_fraction": 0.0,
    "fid": 50.123421886929194,
    "gate_usage_entropy": 5.979470391048736e-11,
    "num_samples": 2048,
    "num_steps": 100.0,
    "precision": 0.64892578125,
    "recall": 0.73046875,
    "risk_margin_mean_over_steps": 0.08944533123634756,
    "sample_batch_size": 256,
    "usage_frac_0": 0.0,
    "usage_frac_1": 1.0,
    "usage_frac_2": 0.0,
    "usage_frac_3": 0.0
  },
  "risk_confident": {
    "commit_fraction": 0.0,
    "fallback_count": 0.0,
    "fallback_fraction": 0.0,
    "fid": 48.46772243372549,
    "gate_usage_entropy": 5.979470391048736e-11,
    "num_samples": 2048,
    "num_steps": 100.0,
    "precision": 0.62841796875,
    "recall": 0.75,
    "risk_margin_mean_over_steps": 0.08947343639098107,
    "sample_batch_size": 256,
    "usage_frac_0": 0.0,
    "usage_frac_1": 1.0,
    "usage_frac_2": 0.0,
    "usage_frac_3": 0.0
  },
  "risk_gated": {
    "commit_fraction": 0.0,
    "fallback_count": 0.0,
    "fallback_fraction": 0.0,
    "fid": 45.51393510889713,
    "gate_usage_entropy": 5.979470391048736e-11,
    "num_samples": 2048,
    "num_steps": 100.0,
    "precision": 0.65380859375,
    "recall": 0.77392578125,
    "risk_margin_mean_over_steps": 0.08942221790552139,
    "sample_batch_size": 256,
    "usage_frac_0": 0.0,
    "usage_frac_1": 1.0,
    "usage_frac_2": 0.0,
    "usage_frac_3": 0.0
  },
  "risk_softmix": {
    "commit_fraction": 0.0,
    "fallback_count": 0.0,
    "fallback_fraction": 0.0,
    "fid": 47.007404626009674,
    "gate_usage_entropy": 5.979470391048736e-11,
    "num_samples": 2048,
    "num_steps": 100.0,
    "precision": 0.634765625,
    "recall": 0.77001953125,
    "risk_margin_mean_over_steps": 0.08945587013848126,
    "sample_batch_size": 256,
    "usage_frac_0": 0.0,
    "usage_frac_1": 1.0,
    "usage_frac_2": 0.0,
    "usage_frac_3": 0.0
  },
  "single_expert": {
    "commit_fraction": 0.0,
    "fallback_count": 0.0,
    "fallback_fraction": 0.0,
    "fid": 1252.2794942149426,
    "gate_usage_entropy": 5.979470391048736e-11,
    "num_samples": 2048,
    "num_steps": 100.0,
    "precision": 0.0390625,
    "recall": 0.0,
    "sample_batch_size": 256,
    "usage_frac_0": 1.0,
    "usage_frac_1": 0.0,
    "usage_frac_2": 0.0,
    "usage_frac_3": 0.0
  }
}