fid_diff_mix_minus_soft,fid_mixture_score,fid_risk_softmix,pair_id
908.8925746933332,958.8397013046798,49.947126611346526,0.0
897.9706695649952,939.7143794013042,41.74370983630897,1.0
