{
  "baseline_heun": {
    "fid": 77.21119244840419,
    "precision": 0.560546875,
    "recall": 0.77734375
  },
  "mixture_score": {
    "commit_fraction": 0.0,
    "fallback_count": 0.0,
    "fallback_fraction": 0.0,
    "fid": 46.96236926351379,
    "num_samples": 256.0,
    "num_steps": 80.0,
    "precision": 0.63671875,
    "recall": 0.78125
  },
  "paired_mixture_vs_risk_softmix": {
    "fid_diff_mix_minus_soft_ci95_hi": -7.367296225993416e-05,
    "fid_diff_mix_minus_soft_ci95_lo": -0.0007186997594021704,
    "fid_diff_mix_minus_soft_mean": -0.0003961863608310523,
    "fid_diff_mix_minus_soft_pvalue_normal_approx": 0.016052036384300854,
    "fid_diff_mix_minus_soft_std": 0.00023270552158485453,
    "n_pairs": 2.0
  },
  "random_expert": {
    "commit_fraction": 0.0,
    "fallback_count": 0.0,
    "fallback_fraction": 0.0,
    "fid": 45.196592738439605,
    "gate_usage_entropy": 0.9944452196359634,
    "num_samples": 256.0,
    "num_steps": 80.0,
    "precision": 0.623046875,
    "recall": 0.810546875,
    "usage_frac_0": 0.2373046875,
    "usage_frac_1": 0.2451171875,
    "usage_frac_2": 0.26171875,
    "usage_frac_3": 0.255859375
  },
  "risk_commit_once": {
    "commit_fraction": 1.0,
    "commit_time_max": 0.31800001859664917,
    "commit_time_mean": 0.31800001859664917,
    "commit_time_min": 0.31800001859664917,
    "fallback_count": 18432.0,
    "fallback_fraction": 0.9,
    "fid": 44.826191407643904,
    "gate_usage_entropy": 0.8303212076425552,
    "num_samples": 256.0,
    "num_steps": 80.0,
    "precision": 0.6591796875,
    "recall": 0.7666015625,
    "risk_margin_mean_over_steps": 1.8913652866103802e-10,
    "usage_frac_0": 0.5595703125,
    "usage_frac_1": 0.0947265625,
    "usage_frac_2": 0.1806640625,
    "usage_frac_3": 0.1650390625
  },
  "risk_confident": {
    "commit_fraction": 0.0,
    "fallback_count": 20480.0,
    "fallback_fraction": 1.0,
    "fid": 43.64293773713512,
    "gate_usage_entropy": 0.5599382668733597,
    "num_samples": 256.0,
    "num_steps": 80.0,
    "precision": 0.650390625,
    "recall": 0.7646484375,
    "risk_margin_mean_over_steps": 1.9273329598945568e-10,
    "usage_frac_0": 0.7647704929113388,
    "usage_frac_1": 0.10797119140625,
    "usage_frac_2": 0.09802245907485485,
    "usage_frac_3": 0.02923583984375
  },
  "risk_gated": {
    "commit_fraction": 0.0,
    "fallback_count": 0.0,
    "fallback_fraction": 0.0,
    "fid": 46.65510125474592,
    "gate_usage_entropy": 0.5632656961679459,
    "num_samples": 256.0,
    "num_steps": 80.0,
    "precision": 0.6455078125,
    "recall": 0.794921875,
    "risk_margin_mean_over_steps": 1.9478818558127386e-10,
    "usage_frac_0": 0.763671875,
    "usage_frac_1": 0.10677490197122097,
    "usage_frac_2": 0.09843750111758709,
    "usage_frac_3": 0.031115722842514515
  },
  "risk_softmix": {
    "commit_fraction": 0.0,
    "fallback_count": 0.0,
    "fallback_fraction": 0.0,
    "fid": 44.39032936585022,
    "gate_usage_entropy": 0.5493157505989075,
    "num_samples": 256.0,
    "num_steps": 80.0,
    "precision": 0.642578125,
    "recall": 0.798828125,
    "risk_margin_mean_over_steps": 1.9936123862862586e-10,
    "usage_frac_0": 0.7718872129917145,
    "usage_frac_1": 0.10743408277630806,
    "usage_frac_2": 0.09139404445886612,
    "usage_frac_3": 0.029284668155014515
  },
  "single_expert": {
    "commit_fraction": 0.0,
    "fallback_count": 0.0,
    "fallback_fraction": 0.0,
    "fid": 45.343182730110655,
    "gate_usage_entropy": 5.979470391048736e-11,
    "num_samples": 256.0,
    "num_steps": 80.0,
    "precision": 0.615234375,
    "recall": 0.7880859375,
    "usage_frac_0": 1.0,
    "usage_frac_1": 0.0,
    "usage_frac_2": 0.0,
    "usage_frac_3": 0.0
  }
}