{
  "dataset": "mnist",
  "classes": [
    "0",
    "1",
    "2",
    "3",
    "4",
    "5",
    "6",
    "7",
    "8",
    "9"
  ],
  "raw_dim": 784,
  "train_n": 30000,
  "test_n": 5000,
  "normalization": "[-1,1]",
  "feature_mode": "pca",
  "latent_dim": 64,
  "C": 10,
  "sigma2_iso": 0.9262429565429687,
  "priors": [
    0.09730000048875809,
    0.11493333429098129,
    0.09756666421890259,
    0.10090000182390213,
    0.10016666352748871,
    0.08910000324249268,
    0.09830000251531601,
    0.10623333603143692,
    0.09716666489839554,
    0.09833333641290665
  ],
  "times": [
    0.15,
    0.25,
    0.35,
    0.5,
    0.7,
    0.85,
    1.1,
    1.3,
    1.5,
    1.8,
    2.05,
    2.3,
    2.5,
    2.8,
    3.0
  ]
}