{
  "baseline_heun": {
    "fid": 57.65846198062344,
    "precision": 0.56494140625,
    "recall": 0.759765625
  },
  "mixture_score": {
    "commit_fraction": 0.0,
    "fallback_count": 0.0,
    "fallback_fraction": 0.0,
    "fid": 30.054389787767455,
    "num_samples": 256.0,
    "num_steps": 100.0,
    "precision": 0.63671875,
    "recall": 0.77099609375
  },
  "paired_mixture_vs_risk_softmix": {
    "fid_diff_mix_minus_soft_ci95_hi": 0.0007827441823019667,
    "fid_diff_mix_minus_soft_ci95_lo": -0.0002546313045458517,
    "fid_diff_mix_minus_soft_mean": 0.0002640564388780575,
    "fid_diff_mix_minus_soft_pvalue_normal_approx": 0.3183726194732376,
    "fid_diff_mix_minus_soft_std": 0.0005292732075754176,
    "n_pairs": 4.0
  },
  "random_expert": {
    "commit_fraction": 0.0,
    "fallback_count": 0.0,
    "fallback_fraction": 0.0,
    "fid": 27.7654146702691,
    "gate_usage_entropy": 0.9955700486898422,
    "num_samples": 256.0,
    "num_steps": 100.0,
    "precision": 0.63623046875,
    "recall": 0.76220703125,
    "usage_frac_0": 0.2373046875,
    "usage_frac_1": 0.25244140625,
    "usage_frac_2": 0.2587890625,
    "usage_frac_3": 0.25146484375
  },
  "risk_commit_once": {
    "commit_fraction": 1.0,
    "commit_time_max": 0.34779998660087585,
    "commit_time_mean": 0.34779998660087585,
    "commit_time_min": 0.34779998660087585,
    "fallback_count": 22784.0,
    "fallback_fraction": 0.89,
    "fid": 33.08907279266639,
    "gate_usage_entropy": 0.6098580285906792,
    "num_samples": 256.0,
    "num_steps": 100.0,
    "precision": 0.658203125,
    "recall": 0.77587890625,
    "risk_margin_mean_over_steps": 2.709234081521572e-10,
    "usage_frac_0": 0.6689453125,
    "usage_frac_1": 0.212890625,
    "usage_frac_2": 0.1181640625,
    "usage_frac_3": 0.0
  },
  "risk_confident": {
    "commit_fraction": 0.0,
    "fallback_count": 25600.0,
    "fallback_fraction": 1.0,
    "fid": 29.511006584868472,
    "gate_usage_entropy": 0.5948648750782013,
    "num_samples": 256.0,
    "num_steps": 100.0,
    "precision": 0.67138671875,
    "recall": 0.740234375,
    "risk_margin_mean_over_steps": 2.688261702132877e-10,
    "usage_frac_0": 0.7332470640540123,
    "usage_frac_1": 0.08178710844367743,
    "usage_frac_2": 0.15598144568502903,
    "usage_frac_3": 0.028984374832361937
  },
  "risk_gated": {
    "commit_fraction": 0.0,
    "fallback_count": 0.0,
    "fallback_fraction": 0.0,
    "fid": 30.180834080634053,
    "gate_usage_entropy": 0.5924863591790199,
    "num_samples": 256.0,
    "num_steps": 100.0,
    "precision": 0.62841796875,
    "recall": 0.75,
    "risk_margin_mean_over_steps": 2.6855161650019e-10,
    "usage_frac_0": 0.7336767613887787,
    "usage_frac_1": 0.0837011719122529,
    "usage_frac_2": 0.15583984181284904,
    "usage_frac_3": 0.02678222651593387
  },
  "risk_softmix": {
    "commit_fraction": 0.0,
    "fallback_count": 0.0,
    "fallback_fraction": 0.0,
    "fid": 31.4131401541055,
    "gate_usage_entropy": 0.5267001092433929,
    "num_samples": 256.0,
    "num_steps": 100.0,
    "precision": 0.6611328125,
    "recall": 0.7587890625,
    "risk_margin_mean_over_steps": 2.744599214565824e-10,
    "usage_frac_0": 0.7860253900289536,
    "usage_frac_1": 0.07768554612994194,
    "usage_frac_2": 0.1070312513038516,
    "usage_frac_3": 0.02925781230442226
  },
  "single_expert": {
    "commit_fraction": 0.0,
    "fallback_count": 0.0,
    "fallback_fraction": 0.0,
    "fid": 34.444879639505444,
    "gate_usage_entropy": 5.979470391048736e-11,
    "num_samples": 256.0,
    "num_steps": 100.0,
    "precision": 0.64013671875,
    "recall": 0.75830078125,
    "usage_frac_0": 1.0,
    "usage_frac_1": 0.0,
    "usage_frac_2": 0.0,
    "usage_frac_3": 0.0
  }
}