{
  "baseline_euler": {
    "fid": 113.61537843553268,
    "precision": 0.431640625,
    "recall": 0.83251953125
  },
  "baseline_heun": {
    "fid": 111.43938671263669,
    "precision": 0.43408203125,
    "recall": 0.83251953125
  },
  "single_expert": {
    "fid": 13.897203015028413,
    "precision": 0.6259765625,
    "recall": 0.87646484375
  },
  "random_expert": {
    "fid": 807.9543267391748,
    "precision": 0.0068359375,
    "recall": 0.03857421875
  },
  "best_expert": {
    "fid": 14.90249955962199,
    "precision": 0.619140625,
    "recall": 0.87353515625
  },
  "mixture_score": {
    "fid": 699.2059161126839,
    "precision": 0.01513671875,
    "recall": 0.06884765625
  },
  "gated": {
    "fid": 13.907409474827165,
    "precision": 0.6279296875,
    "recall": 0.8798828125
  }
}