{
  "lambda_free": 0.08049505203962326,
  "lambda_class": 2.4786269664764404,
  "lambda_trans": 0.9780968427658081,
  "beta_free": 6.211561920028049,
  "beta_class": 0.20172458654026046,
  "beta_trans": 0.5111968244229556,
  "beta_glass_emp": 7.603144665588635,
  "alpha_log_n_over_d": 0.014891833957342575,
  "residual_mse": 0.21696174144744873,
  "v_emp": 0.0005152187659405172
}