{
  "baseline_heun": {
    "fid": 72.84901626337549,
    "precision": 0.572265625,
    "recall": 0.7890625
  },
  "mixture_score": {
    "commit_fraction": 0.0,
    "fallback_count": 0.0,
    "fallback_fraction": 0.0,
    "fid": 47.7302074969946,
    "num_samples": 256.0,
    "num_steps": 80.0,
    "precision": 0.650390625,
    "recall": 0.7939453125
  },
  "paired_mixture_vs_risk_softmix": {
    "fid_diff_mix_minus_soft_ci95_hi": 0.0006102545303303941,
    "fid_diff_mix_minus_soft_ci95_lo": -0.0021979370702010217,
    "fid_diff_mix_minus_soft_mean": -0.0007938412699353137,
    "fid_diff_mix_minus_soft_pvalue_normal_approx": 0.2678031515878861,
    "fid_diff_mix_minus_soft_std": 0.0010131078181667696,
    "n_pairs": 2.0
  },
  "random_expert": {
    "commit_fraction": 0.0,
    "fallback_count": 0.0,
    "fallback_fraction": 0.0,
    "fid": 45.67902674262827,
    "gate_usage_entropy": 0.9944452196359634,
    "num_samples": 256.0,
    "num_steps": 80.0,
    "precision": 0.62109375,
    "recall": 0.7861328125,
    "usage_frac_0": 0.2373046875,
    "usage_frac_1": 0.2451171875,
    "usage_frac_2": 0.26171875,
    "usage_frac_3": 0.255859375
  },
  "risk_commit_once": {
    "commit_fraction": 1.0,
    "commit_time_max": 0.31800001859664917,
    "commit_time_mean": 0.31800001859664917,
    "commit_time_min": 0.31800001859664917,
    "fallback_count": 18432.0,
    "fallback_fraction": 0.9,
    "fid": 45.24167008285312,
    "gate_usage_entropy": 0.3049548640847206,
    "num_samples": 256.0,
    "num_steps": 80.0,
    "precision": 0.65625,
    "recall": 0.791015625,
    "risk_margin_mean_over_steps": 1.1925891385544674e-10,
    "usage_frac_0": 0.849609375,
    "usage_frac_1": 0.150390625,
    "usage_frac_2": 0.0,
    "usage_frac_3": 0.0
  },
  "risk_confident": {
    "commit_fraction": 0.0,
    "fallback_count": 20480.0,
    "fallback_fraction": 1.0,
    "fid": 47.01053367016388,
    "gate_usage_entropy": 0.10955778695642948,
    "num_samples": 256.0,
    "num_steps": 80.0,
    "precision": 0.6416015625,
    "recall": 0.7822265625,
    "risk_margin_mean_over_steps": 1.1366694252501474e-10,
    "usage_frac_0": 0.97088623046875,
    "usage_frac_1": 0.018664550967514515,
    "usage_frac_2": 0.010156250093132257,
    "usage_frac_3": 0.00029296875436557457
  },
  "risk_gated": {
    "commit_fraction": 0.0,
    "fallback_count": 0.0,
    "fallback_fraction": 0.0,
    "fid": 50.40818765451448,
    "gate_usage_entropy": 0.11062629520893097,
    "num_samples": 256.0,
    "num_steps": 80.0,
    "precision": 0.640625,
    "recall": 0.7919921875,
    "risk_margin_mean_over_steps": 1.172971053620131e-10,
    "usage_frac_0": 0.9705444276332855,
    "usage_frac_1": 0.01922607421875,
    "usage_frac_2": 0.009838867234066129,
    "usage_frac_3": 0.0003906250058207661
  },
  "risk_softmix": {
    "commit_fraction": 0.0,
    "fallback_count": 0.0,
    "fallback_fraction": 0.0,
    "fid": 48.06873892449079,
    "gate_usage_entropy": 0.10916177369654179,
    "num_samples": 256.0,
    "num_steps": 80.0,
    "precision": 0.630859375,
    "recall": 0.7890625,
    "risk_margin_mean_over_steps": 1.175855857127317e-10,
    "usage_frac_0": 0.9709838926792145,
    "usage_frac_1": 0.018395996186882257,
    "usage_frac_2": 0.010400390485301614,
    "usage_frac_3": 0.00021972656395519152
  },
  "single_expert": {
    "commit_fraction": 0.0,
    "fallback_count": 0.0,
    "fallback_fraction": 0.0,
    "fid": 48.5006153822607,
    "gate_usage_entropy": 5.979470391048736e-11,
    "num_samples": 256.0,
    "num_steps": 80.0,
    "precision": 0.6298828125,
    "recall": 0.814453125,
    "usage_frac_0": 1.0,
    "usage_frac_1": 0.0,
    "usage_frac_2": 0.0,
    "usage_frac_3": 0.0
  }
}