{
  "baseline_heun": {
    "evaluator_note": "cifar_resnet18_features_fid_only",
    "fid": 407.0967355528213,
    "precision": NaN,
    "recall": NaN
  },
  "baseline_then_linear_commit_tstar": {
    "commit_fraction": 1.0,
    "commit_time_max": 0.4968000054359436,
    "commit_time_mean": 0.4968000054359436,
    "commit_time_min": 0.4968000054359436,
    "evaluator_note": "cifar_resnet18_features_fid_only",
    "fallback_fraction": 0.0,
    "fid": 413.9773319697147,
    "gate_usage_entropy": 0.0028309376077058695,
    "num_samples": 32.0,
    "num_steps": 100.0,
    "precision": NaN,
    "recall": NaN,
    "risk_margin_mean_over_steps": 9.915819425936789,
    "t_star": 0.5,
    "usage_frac_0": 0.0,
    "usage_frac_1": 0.0,
    "usage_frac_2": 0.0,
    "usage_frac_3": 0.00146484375,
    "usage_frac_4": 0.0,
    "usage_frac_5": 0.0,
    "usage_frac_6": 0.0,
    "usage_frac_7": 0.0,
    "usage_frac_8": 0.99853515625,
    "usage_frac_9": 0.0
  },
  "baseline_then_risk_commit_tstar": {
    "commit_fraction": 1.0,
    "commit_time_max": 0.4968000054359436,
    "commit_time_mean": 0.4968000054359436,
    "commit_time_min": 0.4968000054359436,
    "evaluator_note": "cifar_resnet18_features_fid_only",
    "fallback_fraction": 0.0,
    "fid": 416.2859800021753,
    "gate_usage_entropy": 0.025505951674924705,
    "num_samples": 32.0,
    "num_steps": 100.0,
    "precision": NaN,
    "recall": NaN,
    "risk_margin_mean_over_steps": 3.390556260711719e-05,
    "t_star": 0.5,
    "usage_frac_0": 0.0,
    "usage_frac_1": 0.0,
    "usage_frac_2": 0.0,
    "usage_frac_3": 0.00244140625,
    "usage_frac_4": 0.0,
    "usage_frac_5": 0.0,
    "usage_frac_6": 0.0,
    "usage_frac_7": 0.0,
    "usage_frac_8": 0.986328125,
    "usage_frac_9": 0.01123046875
  },
  "linear_commit_once": {
    "commit_fraction": 1.0,
    "commit_time_max": 0.4968000054359436,
    "commit_time_mean": 0.4968000054359436,
    "commit_time_min": 0.4968000054359436,
    "evaluator_note": "cifar_resnet18_features_fid_only",
    "fallback_count": 2688.0,
    "fallback_fraction": 0.84,
    "fid": 404.10454518109935,
    "gate_usage_entropy": 0.006605520940647032,
    "num_samples": 32.0,
    "num_steps": 100.0,
    "precision": NaN,
    "recall": NaN,
    "risk_margin_mean_over_steps": 9.563577278032898,
    "usage_frac_0": 0.0,
    "usage_frac_1": 0.0,
    "usage_frac_2": 0.0,
    "usage_frac_3": 0.00341796875,
    "usage_frac_4": 0.0,
    "usage_frac_5": 0.0,
    "usage_frac_6": 0.0,
    "usage_frac_7": 0.0,
    "usage_frac_8": 0.99658203125,
    "usage_frac_9": 0.0
  },
  "mixture_score": {
    "commit_fraction": 0.0,
    "evaluator_note": "cifar_resnet18_features_fid_only",
    "fallback_count": 0.0,
    "fallback_fraction": 0.0,
    "fid": 418.9907797080448,
    "num_samples": 32.0,
    "num_steps": 100.0,
    "precision": NaN,
    "recall": NaN
  },
  "mixture_then_linear_commit_tstar": {
    "commit_fraction": 1.0,
    "commit_time_max": 0.4968000054359436,
    "commit_time_mean": 0.4968000054359436,
    "commit_time_min": 0.4968000054359436,
    "evaluator_note": "cifar_resnet18_features_fid_only",
    "fallback_fraction": 0.0,
    "fid": 417.8161711202085,
    "gate_usage_entropy": 0.004718229274176451,
    "num_samples": 32.0,
    "num_steps": 100.0,
    "precision": NaN,
    "recall": NaN,
    "risk_margin_mean_over_steps": 9.492517893705518,
    "t_star": 0.5,
    "usage_frac_0": 0.0,
    "usage_frac_1": 0.0,
    "usage_frac_2": 0.0,
    "usage_frac_3": 0.00244140625,
    "usage_frac_4": 0.0,
    "usage_frac_5": 0.0,
    "usage_frac_6": 0.0,
    "usage_frac_7": 0.0,
    "usage_frac_8": 0.99755859375,
    "usage_frac_9": 0.0
  },
  "mixture_then_risk_commit_tstar": {
    "commit_fraction": 1.0,
    "commit_time_max": 0.4968000054359436,
    "commit_time_mean": 0.4968000054359436,
    "commit_time_min": 0.4968000054359436,
    "evaluator_note": "cifar_resnet18_features_fid_only",
    "fallback_fraction": 0.0,
    "fid": 419.93926764666463,
    "gate_usage_entropy": 0.041819953869199775,
    "num_samples": 32.0,
    "num_steps": 100.0,
    "precision": NaN,
    "recall": NaN,
    "risk_margin_mean_over_steps": 3.3672908019752865e-05,
    "t_star": 0.5,
    "usage_frac_0": 0.0,
    "usage_frac_1": 0.0,
    "usage_frac_2": 0.0,
    "usage_frac_3": 0.00830078125,
    "usage_frac_4": 0.0,
    "usage_frac_5": 0.0,
    "usage_frac_6": 0.0,
    "usage_frac_7": 0.0,
    "usage_frac_8": 0.97705078125,
    "usage_frac_9": 0.0146484375
  },
  "paired_mixture_vs_risk_softmix": {
    "fid_diff_mix_minus_soft_ci95_hi": 1.920674914084476,
    "fid_diff_mix_minus_soft_ci95_lo": 1.8353000692993464,
    "fid_diff_mix_minus_soft_mean": 1.8779874916919113,
    "fid_diff_mix_minus_soft_pvalue_normal_approx": 0.0,
    "fid_diff_mix_minus_soft_std": 0.04355859427812747,
    "n_pairs": 4.0
  },
  "random_expert": {
    "commit_fraction": 0.0,
    "evaluator_note": "cifar_resnet18_features_fid_only",
    "fallback_count": 0.0,
    "fallback_fraction": 0.0,
    "fid": 418.01167858616475,
    "gate_usage_entropy": 0.9295949619263411,
    "num_samples": 32.0,
    "num_steps": 100.0,
    "precision": NaN,
    "recall": NaN,
    "usage_frac_0": 0.09521484375,
    "usage_frac_1": 0.10498046875,
    "usage_frac_2": 0.0927734375,
    "usage_frac_3": 0.10302734375,
    "usage_frac_4": 0.10546875,
    "usage_frac_5": 0.0908203125,
    "usage_frac_6": 0.0986328125,
    "usage_frac_7": 0.10009765625,
    "usage_frac_8": 0.11083984375,
    "usage_frac_9": 0.09814453125
  },
  "risk_commit_tstar": {
    "commit_fraction": 1.0,
    "commit_time_max": 0.4968000054359436,
    "commit_time_mean": 0.4968000054359436,
    "commit_time_min": 0.4968000054359436,
    "evaluator_note": "cifar_resnet18_features_fid_only",
    "fallback_count": 2688.0,
    "fallback_fraction": 0.84,
    "fid": 419.31141302202866,
    "gate_usage_entropy": 0.03461399913152482,
    "num_samples": 32.0,
    "num_steps": 100.0,
    "precision": NaN,
    "recall": NaN,
    "risk_margin_mean_over_steps": 3.403442307416071e-05,
    "usage_frac_0": 0.0,
    "usage_frac_1": 0.0,
    "usage_frac_2": 0.0,
    "usage_frac_3": 0.0078125,
    "usage_frac_4": 0.0,
    "usage_frac_5": 0.0,
    "usage_frac_6": 0.0,
    "usage_frac_7": 0.0,
    "usage_frac_8": 0.9814453125,
    "usage_frac_9": 0.0107421875
  }
}