{
  "channels": {
    "lambda_free": 2.1210267543792725,
    "lambda_class": 1.3606247901916504,
    "lambda_trans": 0.15873096883296967,
    "beta_free": 0.23573488593085157,
    "beta_class": 0.36747823764800647,
    "beta_trans": 3.149983923581843,
    "free_align_m": 0.6276569366455078
  },
  "glass": {
    "alpha": 0.1250994932445351,
    "r_t": 0.016851957422000366,
    "y_alpha": 0.44862007180556196,
    "beta_glass_exact": 72.93263402768928,
    "beta_glass_gauss": 41.976615350346535
  },
  "beta_target": 1.1024347129440195,
  "no_window_warning": false
}