{
  "baseline_euler": {
    "fid": 113.61537843553268,
    "precision": 0.431640625,
    "recall": 0.83251953125
  },
  "baseline_heun": {
    "fid": 111.43938671263669,
    "precision": 0.43408203125,
    "recall": 0.83251953125
  },
  "single_expert": {
    "fid": 13.938575328334588,
    "precision": 0.642578125,
    "recall": 0.87158203125
  },
  "random_expert": {
    "fid": 484.3913272626315,
    "precision": 0.11767578125,
    "recall": 0.1630859375
  },
  "best_expert": {
    "fid": 13.940339806409739,
    "precision": 0.642578125,
    "recall": 0.87158203125
  },
  "mixture_score": {
    "fid": 400.19402623149267,
    "precision": 0.12060546875,
    "recall": 0.259765625
  },
  "gated": {
    "fid": 14.095654713522379,
    "precision": 0.63818359375,
    "recall": 0.8720703125
  }
}