{
  "baseline_heun": {
    "fid": 56.02374565205295,
    "num_samples": 2048,
    "precision": 0.5810546875,
    "recall": 0.77001953125
  },
  "mixture_score": {
    "commit_fraction": 0.0,
    "fallback_count": 0.0,
    "fallback_fraction": 0.0,
    "fid": 47.38358405348849,
    "num_samples": 2048,
    "num_steps": 100.0,
    "precision": 0.65869140625,
    "recall": 0.736328125,
    "sample_batch_size": 256
  },
  "paired_mixture_vs_risk_softmix": {
    "fid_diff_mix_minus_soft_ci95_hi": 0.094086562355786,
    "fid_diff_mix_minus_soft_ci95_lo": -0.7970638037840152,
    "fid_diff_mix_minus_soft_mean": -0.3514886207141146,
    "fid_diff_mix_minus_soft_pvalue_normal_approx": 0.1220728828525448,
    "fid_diff_mix_minus_soft_std": 0.3214992178338409,
    "n_pairs": 2.0
  },
  "random_expert": {
    "commit_fraction": 0.0,
    "fallback_count": 0.0,
    "fallback_fraction": 0.0,
    "fid": 45.24864277111713,
    "gate_usage_entropy": 0.9950173497200012,
    "num_samples": 2048,
    "num_steps": 100.0,
    "precision": 0.646484375,
    "recall": 0.73388671875,
    "sample_batch_size": 256,
    "usage_frac_0": 0.24365234375,
    "usage_frac_1": 0.24951171875,
    "usage_frac_2": 0.24951171875,
    "usage_frac_3": 0.25732421875
  },
  "risk_commit_once": {
    "commit_fraction": 1.0,
    "commit_time_max": 2.2848000526428223,
    "commit_time_mean": 2.1816641092300415,
    "commit_time_min": 1.3721749633550644,
    "fallback_count": 7030.0,
    "fallback_fraction": 0.274609375,
    "fid": 63.94192853665735,
    "gate_usage_entropy": 0.009343238111680408,
    "num_samples": 2048,
    "num_steps": 100.0,
    "precision": 0.6298828125,
    "recall": 0.7626953125,
    "risk_margin_mean_over_steps": 9.924324769258419e-05,
    "sample_batch_size": 256,
    "usage_frac_0": 0.0016439277678728104,
    "usage_frac_1": 0.99808020144701,
    "usage_frac_2": 0.0,
    "usage_frac_3": 0.00027587878867052495
  },
  "risk_confident": {
    "commit_fraction": 0.0,
    "fallback_count": 7289.125,
    "fallback_fraction": 0.2847314453125,
    "fid": 49.843872143955885,
    "gate_usage_entropy": 0.7537586092948914,
    "num_samples": 2048,
    "num_steps": 100.0,
    "precision": 0.6474609375,
    "recall": 0.7265625,
    "risk_margin_mean_over_steps": 9.850875245518864e-05,
    "sample_batch_size": 256,
    "usage_frac_0": 0.16287109442055225,
    "usage_frac_1": 0.5616113245487213,
    "usage_frac_2": 0.019511718535795808,
    "usage_frac_3": 0.2560058608651161
  },
  "risk_gated": {
    "commit_fraction": 0.0,
    "fallback_count": 0.0,
    "fallback_fraction": 0.0,
    "fid": 47.72616962764388,
    "gate_usage_entropy": 0.7591844126582146,
    "num_samples": 2048,
    "num_steps": 100.0,
    "precision": 0.666015625,
    "recall": 0.7587890625,
    "risk_margin_mean_over_steps": 9.78841518480067e-05,
    "sample_batch_size": 256,
    "usage_frac_0": 0.16726074181497097,
    "usage_frac_1": 0.5581982433795929,
    "usage_frac_2": 0.020747070433571935,
    "usage_frac_3": 0.25379394367337227
  },
  "risk_softmix": {
    "commit_fraction": 0.0,
    "fallback_count": 0.0,
    "fallback_fraction": 0.0,
    "fid": 45.30995505727624,
    "gate_usage_entropy": 0.7593109309673309,
    "num_samples": 2048,
    "num_steps": 100.0,
    "precision": 0.650390625,
    "recall": 0.765625,
    "risk_margin_mean_over_steps": 9.883828494366753e-05,
    "sample_batch_size": 256,
    "usage_frac_0": 0.1663183607161045,
    "usage_frac_1": 0.5592773407697678,
    "usage_frac_2": 0.021240234375,
    "usage_frac_3": 0.25316405668854713
  },
  "single_expert": {
    "commit_fraction": 0.0,
    "fallback_count": 0.0,
    "fallback_fraction": 0.0,
    "fid": 58.510931982976324,
    "gate_usage_entropy": 5.979470391048736e-11,
    "num_samples": 2048,
    "num_steps": 100.0,
    "precision": 0.6416015625,
    "recall": 0.751953125,
    "sample_batch_size": 256,
    "usage_frac_0": 1.0,
    "usage_frac_1": 0.0,
    "usage_frac_2": 0.0,
    "usage_frac_3": 0.0
  }
}