{
  "fid_diff_mix_minus_soft_ci95_hi": 0.094086562355786,
  "fid_diff_mix_minus_soft_ci95_lo": -0.7970638037840152,
  "fid_diff_mix_minus_soft_mean": -0.3514886207141146,
  "fid_diff_mix_minus_soft_pvalue_normal_approx": 0.1220728828525448,
  "fid_diff_mix_minus_soft_std": 0.3214992178338409,
  "n_pairs": 2.0
}