fid_diff_mix_minus_soft,fid_mixture_score,fid_risk_softmix,pair_id
-0.12415434363763467,48.6001015375146,48.72425588115223,0.0
-0.5788228977905945,40.35543960682702,40.934262504617614,1.0
