{
  "baseline_heun": {
    "fid": 55.029489844287795,
    "precision": 0.56982421875,
    "recall": 0.75390625
  },
  "baseline_then_linear_commit_tstar": {
    "commit_fraction": 1.0,
    "commit_time_max": 0.5861999988555908,
    "commit_time_mean": 0.5861999988555908,
    "commit_time_min": 0.5861999988555908,
    "fallback_fraction": 0.0,
    "fid": 55.00117382595645,
    "gate_usage_entropy": 0.049686632592254795,
    "num_samples": 256.0,
    "num_steps": 100.0,
    "precision": 0.609375,
    "recall": 0.771484375,
    "risk_margin_mean_over_steps": 12.139268173277378,
    "t_star": 0.6,
    "usage_frac_0": 0.00439453125,
    "usage_frac_1": 0.0078125,
    "usage_frac_2": 0.0,
    "usage_frac_3": 0.98779296875
  },
  "baseline_then_risk_commit_tstar": {
    "commit_fraction": 1.0,
    "commit_time_max": 0.5861999988555908,
    "commit_time_mean": 0.5861999988555908,
    "commit_time_min": 0.5861999988555908,
    "fallback_fraction": 0.0,
    "fid": 56.725604636803666,
    "gate_usage_entropy": 0.1441477993503213,
    "num_samples": 256.0,
    "num_steps": 100.0,
    "precision": 0.609375,
    "recall": 0.76220703125,
    "risk_margin_mean_over_steps": 2.043617000708764e-05,
    "t_star": 0.6,
    "usage_frac_0": 0.0146484375,
    "usage_frac_1": 0.02783203125,
    "usage_frac_2": 0.0,
    "usage_frac_3": 0.95751953125
  },
  "linear_commit_once": {
    "commit_fraction": 1.0,
    "commit_time_max": 0.5861999988555908,
    "commit_time_mean": 0.5861999988555908,
    "commit_time_min": 0.5861999988555908,
    "fallback_count": 20736.0,
    "fallback_fraction": 0.81,
    "fid": 48.13933493228804,
    "gate_usage_entropy": 0.06442166352644563,
    "num_samples": 256.0,
    "num_steps": 100.0,
    "precision": 0.64111328125,
    "recall": 0.76171875,
    "risk_margin_mean_over_steps": 12.105067939162254,
    "usage_frac_0": 0.01220703125,
    "usage_frac_1": 0.00439453125,
    "usage_frac_2": 0.0,
    "usage_frac_3": 0.9833984375
  },
  "mixture_score": {
    "commit_fraction": 0.0,
    "fallback_count": 0.0,
    "fallback_fraction": 0.0,
    "fid": 48.573384663423006,
    "num_samples": 256.0,
    "num_steps": 100.0,
    "precision": 0.65380859375,
    "recall": 0.759765625
  },
  "mixture_then_linear_commit_tstar": {
    "commit_fraction": 1.0,
    "commit_time_max": 0.5861999988555908,
    "commit_time_mean": 0.5861999988555908,
    "commit_time_min": 0.5861999988555908,
    "fallback_fraction": 0.0,
    "fid": 49.92005680731153,
    "gate_usage_entropy": 0.06577943614684045,
    "num_samples": 256.0,
    "num_steps": 100.0,
    "precision": 0.654296875,
    "recall": 0.7607421875,
    "risk_margin_mean_over_steps": 12.098944306373596,
    "t_star": 0.6,
    "usage_frac_0": 0.009765625,
    "usage_frac_1": 0.0068359375,
    "usage_frac_2": 0.0,
    "usage_frac_3": 0.9833984375
  },
  "mixture_then_risk_commit_tstar": {
    "commit_fraction": 1.0,
    "commit_time_max": 0.5861999988555908,
    "commit_time_mean": 0.5861999988555908,
    "commit_time_min": 0.5861999988555908,
    "fallback_fraction": 0.0,
    "fid": 50.00619794307036,
    "gate_usage_entropy": 0.18230408150702715,
    "num_samples": 256.0,
    "num_steps": 100.0,
    "precision": 0.63134765625,
    "recall": 0.75634765625,
    "risk_margin_mean_over_steps": 2.0453490035379217e-05,
    "t_star": 0.6,
    "usage_frac_0": 0.01708984375,
    "usage_frac_1": 0.04052734375,
    "usage_frac_2": 0.0,
    "usage_frac_3": 0.9423828125
  },
  "paired_mixture_vs_risk_softmix": {
    "fid_diff_mix_minus_soft_ci95_hi": 0.23139622243032532,
    "fid_diff_mix_minus_soft_ci95_lo": 0.12236816002057582,
    "fid_diff_mix_minus_soft_mean": 0.17688219122545057,
    "fid_diff_mix_minus_soft_pvalue_normal_approx": 2.0223966570980596e-10,
    "fid_diff_mix_minus_soft_std": 0.05562656245395383,
    "n_pairs": 4.0
  },
  "random_expert": {
    "commit_fraction": 0.0,
    "fallback_count": 0.0,
    "fallback_fraction": 0.0,
    "fid": 48.90212018120958,
    "gate_usage_entropy": 0.9978479444980621,
    "num_samples": 256.0,
    "num_steps": 100.0,
    "precision": 0.6630859375,
    "recall": 0.75732421875,
    "usage_frac_0": 0.2431640625,
    "usage_frac_1": 0.25048828125,
    "usage_frac_2": 0.25439453125,
    "usage_frac_3": 0.251953125
  },
  "risk_commit_tstar": {
    "commit_fraction": 1.0,
    "commit_time_max": 0.5861999988555908,
    "commit_time_mean": 0.5861999988555908,
    "commit_time_min": 0.5861999988555908,
    "fallback_count": 20736.0,
    "fallback_fraction": 0.81,
    "fid": 46.76392291729622,
    "gate_usage_entropy": 0.15467693842947483,
    "num_samples": 256.0,
    "num_steps": 100.0,
    "precision": 0.65234375,
    "recall": 0.73095703125,
    "risk_margin_mean_over_steps": 2.0425649668140975e-05,
    "usage_frac_0": 0.0166015625,
    "usage_frac_1": 0.0302734375,
    "usage_frac_2": 0.0,
    "usage_frac_3": 0.953125
  }
}