{
  "baseline_heun": {
    "fid": 71.36248355085968,
    "precision": 0.5537109375,
    "recall": 0.7958984375
  },
  "mixture_score": {
    "commit_fraction": 0.0,
    "fallback_count": 0.0,
    "fallback_fraction": 0.0,
    "fid": 45.1988155556637,
    "num_samples": 256.0,
    "num_steps": 80.0,
    "precision": 0.638671875,
    "recall": 0.8125
  },
  "paired_mixture_vs_risk_softmix": {
    "fid_diff_mix_minus_soft_ci95_hi": 0.0006391585178332094,
    "fid_diff_mix_minus_soft_ci95_lo": 1.271407638540721e-05,
    "fid_diff_mix_minus_soft_mean": 0.00032593629710930827,
    "fid_diff_mix_minus_soft_pvalue_normal_approx": 0.04139428729518459,
    "fid_diff_mix_minus_soft_std": 0.00022600158805324489,
    "n_pairs": 2.0
  },
  "random_expert": {
    "commit_fraction": 0.0,
    "fallback_count": 0.0,
    "fallback_fraction": 0.0,
    "fid": 43.23124889526969,
    "gate_usage_entropy": 0.9944452196359634,
    "num_samples": 256.0,
    "num_steps": 80.0,
    "precision": 0.6240234375,
    "recall": 0.810546875,
    "usage_frac_0": 0.2373046875,
    "usage_frac_1": 0.2451171875,
    "usage_frac_2": 0.26171875,
    "usage_frac_3": 0.255859375
  },
  "risk_commit_once": {
    "commit_fraction": 1.0,
    "commit_time_max": 0.31800001859664917,
    "commit_time_mean": 0.31800001859664917,
    "commit_time_min": 0.31800001859664917,
    "fallback_count": 18432.0,
    "fallback_fraction": 0.9,
    "fid": 43.38652548746781,
    "gate_usage_entropy": 0.40640978515148163,
    "num_samples": 256.0,
    "num_steps": 80.0,
    "precision": 0.6650390625,
    "recall": 0.80078125,
    "risk_margin_mean_over_steps": 2.5551258886480353e-10,
    "usage_frac_0": 0.8330078125,
    "usage_frac_1": 0.0,
    "usage_frac_2": 0.09375,
    "usage_frac_3": 0.0732421875
  },
  "risk_confident": {
    "commit_fraction": 0.0,
    "fallback_count": 20480.0,
    "fallback_fraction": 1.0,
    "fid": 45.87755192809837,
    "gate_usage_entropy": 0.6754694432020187,
    "num_samples": 256.0,
    "num_steps": 80.0,
    "precision": 0.6416015625,
    "recall": 0.783203125,
    "risk_margin_mean_over_steps": 2.471402638093423e-10,
    "usage_frac_0": 0.6529296785593033,
    "usage_frac_1": 0.058740234933793545,
    "usage_frac_2": 0.23829345777630806,
    "usage_frac_3": 0.050036621280014515
  },
  "risk_gated": {
    "commit_fraction": 0.0,
    "fallback_count": 0.0,
    "fallback_fraction": 0.0,
    "fid": 45.60997756033366,
    "gate_usage_entropy": 0.679136797785759,
    "num_samples": 256.0,
    "num_steps": 80.0,
    "precision": 0.6416015625,
    "recall": 0.7890625,
    "risk_margin_mean_over_steps": 2.63055000004897e-10,
    "usage_frac_0": 0.6496093571186066,
    "usage_frac_1": 0.057763672433793545,
    "usage_frac_2": 0.24058838188648224,
    "usage_frac_3": 0.052038573659956455
  },
  "risk_softmix": {
    "commit_fraction": 0.0,
    "fallback_count": 0.0,
    "fallback_fraction": 0.0,
    "fid": 44.96453053739582,
    "gate_usage_entropy": 0.6354501098394394,
    "num_samples": 256.0,
    "num_steps": 80.0,
    "precision": 0.634765625,
    "recall": 0.791015625,
    "risk_margin_mean_over_steps": 2.538961041409493e-10,
    "usage_frac_0": 0.6937499940395355,
    "usage_frac_1": 0.054455566219985485,
    "usage_frac_2": 0.20455322414636612,
    "usage_frac_3": 0.047241211868822575
  },
  "single_expert": {
    "commit_fraction": 0.0,
    "fallback_count": 0.0,
    "fallback_fraction": 0.0,
    "fid": 43.37464314040204,
    "gate_usage_entropy": 5.979470391048736e-11,
    "num_samples": 256.0,
    "num_steps": 80.0,
    "precision": 0.62890625,
    "recall": 0.783203125,
    "usage_frac_0": 1.0,
    "usage_frac_1": 0.0,
    "usage_frac_2": 0.0,
    "usage_frac_3": 0.0
  }
}