{
  "fid_diff_mix_minus_soft_ci95_hi": 0.0006391585178332094,
  "fid_diff_mix_minus_soft_ci95_lo": 1.271407638540721e-05,
  "fid_diff_mix_minus_soft_mean": 0.00032593629710930827,
  "fid_diff_mix_minus_soft_pvalue_normal_approx": 0.04139428729518459,
  "fid_diff_mix_minus_soft_std": 0.00022600158805324489,
  "n_pairs": 2.0
}