fid_diff_mix_minus_soft,fid_mixture_score,fid_risk_softmix,pair_id
0.00048574355258068636,42.91624087569389,42.91575513214131,0.0
0.00016612904163793019,37.29965962031967,37.299493491278035,1.0
