baseline_loss,step
1.5990562438964844,1
0.019398894160985947,500
0.01945943385362625,1000
0.015567914582788944,1500
0.016646428033709526,2000
0.018050579354166985,2500
0.0165362861007452,3000
