{
  "baseline_heun": {
    "fid": 134.53510860051364,
    "precision": 0.53515625,
    "recall": 0.796875
  },
  "mixture_score": {
    "commit_fraction": 0.0,
    "fallback_count": 0.0,
    "fallback_fraction": 0.0,
    "fid": 107.23407005762866,
    "num_samples": 128.0,
    "num_steps": 50.0,
    "precision": 0.63671875,
    "recall": 0.8515625
  },
  "paired_mixture_vs_risk_softmix": {
    "fid_diff_mix_minus_soft_ci95_hi": 0.0027430805719029644,
    "fid_diff_mix_minus_soft_ci95_lo": -0.003169247630565905,
    "fid_diff_mix_minus_soft_mean": -0.00021308352933147034,
    "fid_diff_mix_minus_soft_pvalue_normal_approx": 0.8876495897037928,
    "fid_diff_mix_minus_soft_std": 0.002132983349268474,
    "n_pairs": 2.0
  },
  "random_expert": {
    "commit_fraction": 0.0,
    "fallback_count": 0.0,
    "fallback_fraction": 0.0,
    "fid": 107.1979644928864,
    "gate_usage_entropy": 0.9934366941452026,
    "num_samples": 128.0,
    "num_steps": 50.0,
    "precision": 0.625,
    "recall": 0.84765625,
    "usage_frac_0": 0.2265625,
    "usage_frac_1": 0.2734375,
    "usage_frac_2": 0.23828125,
    "usage_frac_3": 0.26171875
  },
  "risk_commit_once": {
    "commit_fraction": 1.0,
    "commit_time_max": 0.3179999887943268,
    "commit_time_mean": 0.3179999887943268,
    "commit_time_min": 0.3179999887943268,
    "fallback_count": 5760.0,
    "fallback_fraction": 0.9,
    "fid": 86.53103044440176,
    "gate_usage_entropy": 0.7887770533561707,
    "num_samples": 128.0,
    "num_steps": 50.0,
    "precision": 0.67578125,
    "recall": 0.87890625,
    "risk_margin_mean_over_steps": 2.2395955966203475e-07,
    "usage_frac_0": 0.375,
    "usage_frac_1": 0.3125,
    "usage_frac_2": 0.3125,
    "usage_frac_3": 0.0
  },
  "risk_confident": {
    "commit_fraction": 0.0,
    "fallback_count": 6400.0,
    "fallback_fraction": 1.0,
    "fid": 107.88830955022787,
    "gate_usage_entropy": 0.6700937449932098,
    "num_samples": 128.0,
    "num_steps": 50.0,
    "precision": 0.6171875,
    "recall": 0.84375,
    "risk_margin_mean_over_steps": 2.25175213017792e-07,
    "usage_frac_0": 0.10515625029802322,
    "usage_frac_1": 0.6932031214237213,
    "usage_frac_2": 0.05218750052154064,
    "usage_frac_3": 0.14945312589406967
  },
  "risk_gated": {
    "commit_fraction": 0.0,
    "fallback_count": 0.0,
    "fallback_fraction": 0.0,
    "fid": 92.62367657414036,
    "gate_usage_entropy": 0.6767320930957794,
    "num_samples": 128.0,
    "num_steps": 50.0,
    "precision": 0.6015625,
    "recall": 0.89453125,
    "risk_margin_mean_over_steps": 2.2617193280893842e-07,
    "usage_frac_0": 0.10492187738418579,
    "usage_frac_1": 0.6871093809604645,
    "usage_frac_2": 0.052421875298023224,
    "usage_frac_3": 0.1555468738079071
  },
  "risk_softmix": {
    "commit_fraction": 0.0,
    "fallback_count": 0.0,
    "fallback_fraction": 0.0,
    "fid": 106.01885652474328,
    "gate_usage_entropy": 0.6763840913772583,
    "num_samples": 128.0,
    "num_steps": 50.0,
    "precision": 0.6484375,
    "recall": 0.81640625,
    "risk_margin_mean_over_steps": 2.2504752450913656e-07,
    "usage_frac_0": 0.10882812365889549,
    "usage_frac_1": 0.689765602350235,
    "usage_frac_2": 0.05445312522351742,
    "usage_frac_3": 0.14695312082767487
  },
  "single_expert": {
    "commit_fraction": 0.0,
    "fallback_count": 0.0,
    "fallback_fraction": 0.0,
    "fid": 108.13298752986854,
    "gate_usage_entropy": 5.979470391048736e-11,
    "num_samples": 128.0,
    "num_steps": 50.0,
    "precision": 0.59375,
    "recall": 0.76171875,
    "usage_frac_0": 1.0,
    "usage_frac_1": 0.0,
    "usage_frac_2": 0.0,
    "usage_frac_3": 0.0
  }
}