fid_diff_mix_minus_soft,fid_mixture_score,fid_risk_softmix,pair_id
-0.0017213305197572026,111.74902257083951,111.75074390135927,0.0
0.001295163461094262,91.91344803792435,91.91215287446326,1.0
