{
  "fid_diff_mix_minus_soft_ci95_hi": 0.0027430805719029644,
  "fid_diff_mix_minus_soft_ci95_lo": -0.003169247630565905,
  "fid_diff_mix_minus_soft_mean": -0.00021308352933147034,
  "fid_diff_mix_minus_soft_pvalue_normal_approx": 0.8876495897037928,
  "fid_diff_mix_minus_soft_std": 0.002132983349268474,
  "n_pairs": 2.0
}