{
  "lambda_free": 0.0841887965798378,
  "lambda_class": 2.4428555965423584,
  "lambda_trans": 1.1599184274673462,
  "beta_free": 5.9390325115983895,
  "beta_class": 0.20467849213342978,
  "beta_trans": 0.4310647957302807,
  "beta_glass_emp": 7.644205959364432,
  "alpha_log_n_over_d": 0.026983419058523972,
  "residual_mse": 0.21530278027057648,
  "v_emp": 0.0009235538309440017
}