{
  "baseline_heun": {
    "fid": 54.88066665537547,
    "precision": 0.57421875,
    "recall": 0.7646484375
  },
  "baseline_then_linear_commit_tstar": {
    "commit_fraction": 1.0,
    "commit_time_max": 0.7947999835014343,
    "commit_time_mean": 0.7947999835014343,
    "commit_time_min": 0.7947999835014343,
    "fallback_fraction": 0.0,
    "fid": 57.91523427769607,
    "gate_usage_entropy": 0.2857063151896,
    "num_samples": 256.0,
    "num_steps": 100.0,
    "precision": 0.6357421875,
    "recall": 0.7724609375,
    "risk_margin_mean_over_steps": 8.8340886233747,
    "t_star": 0.8121519088745117,
    "usage_frac_0": 0.87109375,
    "usage_frac_1": 0.0009765625,
    "usage_frac_2": 0.001953125,
    "usage_frac_3": 0.1259765625
  },
  "baseline_then_risk_commit_tstar": {
    "commit_fraction": 1.0,
    "commit_time_max": 0.7947999835014343,
    "commit_time_mean": 0.7947999835014343,
    "commit_time_min": 0.7947999835014343,
    "fallback_fraction": 0.0,
    "fid": 54.136930748756306,
    "gate_usage_entropy": 0.34973839297890663,
    "num_samples": 256.0,
    "num_steps": 100.0,
    "precision": 0.59423828125,
    "recall": 0.71923828125,
    "risk_margin_mean_over_steps": 2.6026789498700962e-06,
    "t_star": 0.8121519088745117,
    "usage_frac_0": 0.83642578125,
    "usage_frac_1": 0.00244140625,
    "usage_frac_2": 0.00830078125,
    "usage_frac_3": 0.15283203125
  },
  "linear_commit_once": {
    "commit_fraction": 1.0,
    "commit_time_max": 0.7947999835014343,
    "commit_time_mean": 0.7947999835014343,
    "commit_time_min": 0.7947999835014343,
    "fallback_count": 18944.0,
    "fallback_fraction": 0.74,
    "fid": 43.18291864924142,
    "gate_usage_entropy": 0.3216996565461159,
    "num_samples": 256.0,
    "num_steps": 100.0,
    "precision": 0.662109375,
    "recall": 0.75732421875,
    "risk_margin_mean_over_steps": 8.661143046915532,
    "usage_frac_0": 0.83837890625,
    "usage_frac_1": 0.0,
    "usage_frac_2": 0.0009765625,
    "usage_frac_3": 0.16064453125
  },
  "mixture_score": {
    "commit_fraction": 0.0,
    "fallback_count": 0.0,
    "fallback_fraction": 0.0,
    "fid": 45.18923608223764,
    "num_samples": 256.0,
    "num_steps": 100.0,
    "precision": 0.642578125,
    "recall": 0.77294921875
  },
  "mixture_then_linear_commit_tstar": {
    "commit_fraction": 1.0,
    "commit_time_max": 0.7947999835014343,
    "commit_time_mean": 0.7947999835014343,
    "commit_time_min": 0.7947999835014343,
    "fallback_fraction": 0.0,
    "fid": 48.61505227916141,
    "gate_usage_entropy": 0.2926885839551687,
    "num_samples": 256.0,
    "num_steps": 100.0,
    "precision": 0.66162109375,
    "recall": 0.7373046875,
    "risk_margin_mean_over_steps": 8.734427842646836,
    "t_star": 0.8121519088745117,
    "usage_frac_0": 0.86181640625,
    "usage_frac_1": 0.0,
    "usage_frac_2": 0.00146484375,
    "usage_frac_3": 0.13671875
  },
  "mixture_then_risk_commit_tstar": {
    "commit_fraction": 1.0,
    "commit_time_max": 0.7947999835014343,
    "commit_time_mean": 0.7947999835014343,
    "commit_time_min": 0.7947999835014343,
    "fallback_fraction": 0.0,
    "fid": 47.35288772251321,
    "gate_usage_entropy": 0.38156455382704735,
    "num_samples": 256.0,
    "num_steps": 100.0,
    "precision": 0.65087890625,
    "recall": 0.7265625,
    "risk_margin_mean_over_steps": 2.6017600544037124e-06,
    "t_star": 0.8121519088745117,
    "usage_frac_0": 0.81103515625,
    "usage_frac_1": 0.0,
    "usage_frac_2": 0.01318359375,
    "usage_frac_3": 0.17578125
  },
  "paired_mixture_vs_risk_softmix": {
    "fid_diff_mix_minus_soft_ci95_hi": 0.006143892109325061,
    "fid_diff_mix_minus_soft_ci95_lo": 0.004114926352858622,
    "fid_diff_mix_minus_soft_mean": 0.0051294092310918415,
    "fid_diff_mix_minus_soft_pvalue_normal_approx": 3.762125044081978e-23,
    "fid_diff_mix_minus_soft_std": 0.0010351866104420608,
    "n_pairs": 4.0
  },
  "random_expert": {
    "commit_fraction": 0.0,
    "fallback_count": 0.0,
    "fallback_fraction": 0.0,
    "fid": 42.94099969710103,
    "gate_usage_entropy": 0.995641864836216,
    "num_samples": 256.0,
    "num_steps": 100.0,
    "precision": 0.658203125,
    "recall": 0.75830078125,
    "usage_frac_0": 0.26318359375,
    "usage_frac_1": 0.2333984375,
    "usage_frac_2": 0.25244140625,
    "usage_frac_3": 0.2509765625
  },
  "risk_commit_tstar": {
    "commit_fraction": 1.0,
    "commit_time_max": 0.7947999835014343,
    "commit_time_mean": 0.7947999835014343,
    "commit_time_min": 0.7947999835014343,
    "fallback_count": 18944.0,
    "fallback_fraction": 0.74,
    "fid": 44.4933447112421,
    "gate_usage_entropy": 0.3616176377981901,
    "num_samples": 256.0,
    "num_steps": 100.0,
    "precision": 0.63818359375,
    "recall": 0.734375,
    "risk_margin_mean_over_steps": 2.5994362925985113e-06,
    "usage_frac_0": 0.8330078125,
    "usage_frac_1": 0.00146484375,
    "usage_frac_2": 0.0146484375,
    "usage_frac_3": 0.15087890625
  }
}