{
  "baseline_euler": {
    "fid": 437.8709844662038,
    "precision": 0.75,
    "recall": 0.671875
  },
  "baseline_heun": {
    "fid": 357.31634489085155,
    "precision": 0.796875,
    "recall": 0.890625
  },
  "single_expert": {
    "fid": 3393.0352463290164,
    "precision": 0.109375,
    "recall": 0.0
  },
  "random_expert": {
    "fid": 3368.090960429946,
    "precision": 0.046875,
    "recall": 0.0
  },
  "best_expert": {
    "fid": 3214.5492760151847,
    "precision": 0.03125,
    "recall": 0.0
  },
  "mixture_score": {
    "fid": 3348.8981149438055,
    "precision": 0.015625,
    "recall": 0.0
  },
  "gated": {
    "fid": 3393.0352463290164,
    "precision": 0.109375,
    "recall": 0.0
  },
  "gated_softmix": {
    "fid": 3406.2983055984896,
    "precision": 0.109375,
    "recall": 0.0
  },
  "gated_confident": {
    "fid": 3393.0352463290164,
    "precision": 0.109375,
    "recall": 0.0
  }
}