{
  "baseline_heun": {
    "evaluator_note": "cifar_resnet18_features_fid_only",
    "fid": 409.15101233351413,
    "precision": NaN,
    "recall": NaN
  },
  "baseline_then_linear_commit_tstar": {
    "commit_fraction": 1.0,
    "commit_time_max": 0.9437999725341797,
    "commit_time_mean": 0.9437999725341797,
    "commit_time_min": 0.9437999725341797,
    "evaluator_note": "cifar_resnet18_features_fid_only",
    "fallback_fraction": 0.0,
    "fid": 414.53448945818366,
    "gate_usage_entropy": 0.17258628527633846,
    "num_samples": 32.0,
    "num_steps": 100.0,
    "precision": NaN,
    "recall": NaN,
    "risk_margin_mean_over_steps": 3.3031393775250764,
    "t_star": 0.9630379676818848,
    "usage_frac_0": 0.85302734375,
    "usage_frac_1": 0.0,
    "usage_frac_2": 0.0,
    "usage_frac_3": 0.0,
    "usage_frac_4": 0.0,
    "usage_frac_5": 0.0,
    "usage_frac_6": 0.0,
    "usage_frac_7": 0.0,
    "usage_frac_8": 0.0,
    "usage_frac_9": 0.14697265625
  },
  "baseline_then_risk_commit_tstar": {
    "commit_fraction": 1.0,
    "commit_time_max": 0.9437999725341797,
    "commit_time_mean": 0.9437999725341797,
    "commit_time_min": 0.9437999725341797,
    "evaluator_note": "cifar_resnet18_features_fid_only",
    "fallback_fraction": 0.0,
    "fid": 417.42435790981426,
    "gate_usage_entropy": 0.21515195141546428,
    "num_samples": 32.0,
    "num_steps": 100.0,
    "precision": NaN,
    "recall": NaN,
    "risk_margin_mean_over_steps": 1.0205958110987011e-06,
    "t_star": 0.9630379676818848,
    "usage_frac_0": 0.81298828125,
    "usage_frac_1": 0.0,
    "usage_frac_2": 0.0,
    "usage_frac_3": 0.01171875,
    "usage_frac_4": 0.0,
    "usage_frac_5": 0.0,
    "usage_frac_6": 0.0,
    "usage_frac_7": 0.0,
    "usage_frac_8": 0.0,
    "usage_frac_9": 0.17529296875
  },
  "linear_commit_once": {
    "commit_fraction": 1.0,
    "commit_time_max": 0.9437999725341797,
    "commit_time_mean": 0.9437999725341797,
    "commit_time_min": 0.9437999725341797,
    "evaluator_note": "cifar_resnet18_features_fid_only",
    "fallback_count": 2208.0,
    "fallback_fraction": 0.69,
    "fid": 417.5334406751434,
    "gate_usage_entropy": 0.18439670279622078,
    "num_samples": 32.0,
    "num_steps": 100.0,
    "precision": NaN,
    "recall": NaN,
    "risk_margin_mean_over_steps": 3.1860076347552235,
    "usage_frac_0": 0.8388671875,
    "usage_frac_1": 0.0,
    "usage_frac_2": 0.0,
    "usage_frac_3": 0.0,
    "usage_frac_4": 0.0,
    "usage_frac_5": 0.0,
    "usage_frac_6": 0.0,
    "usage_frac_7": 0.0,
    "usage_frac_8": 0.0,
    "usage_frac_9": 0.1611328125
  },
  "mixture_score": {
    "commit_fraction": 0.0,
    "evaluator_note": "cifar_resnet18_features_fid_only",
    "fallback_count": 0.0,
    "fallback_fraction": 0.0,
    "fid": 420.2798583961117,
    "num_samples": 32.0,
    "num_steps": 100.0,
    "precision": NaN,
    "recall": NaN
  },
  "mixture_then_linear_commit_tstar": {
    "commit_fraction": 1.0,
    "commit_time_max": 0.9437999725341797,
    "commit_time_mean": 0.9437999725341797,
    "commit_time_min": 0.9437999725341797,
    "evaluator_note": "cifar_resnet18_features_fid_only",
    "fallback_fraction": 0.0,
    "fid": 421.48357388122474,
    "gate_usage_entropy": 0.1800388873089105,
    "num_samples": 32.0,
    "num_steps": 100.0,
    "precision": NaN,
    "recall": NaN,
    "risk_margin_mean_over_steps": 3.1646450994350017,
    "t_star": 0.9630379676818848,
    "usage_frac_0": 0.84619140625,
    "usage_frac_1": 0.0,
    "usage_frac_2": 0.0,
    "usage_frac_3": 0.0,
    "usage_frac_4": 0.0,
    "usage_frac_5": 0.0,
    "usage_frac_6": 0.0,
    "usage_frac_7": 0.0,
    "usage_frac_8": 0.0,
    "usage_frac_9": 0.15380859375
  },
  "mixture_then_risk_commit_tstar": {
    "commit_fraction": 1.0,
    "commit_time_max": 0.9437999725341797,
    "commit_time_mean": 0.9437999725341797,
    "commit_time_min": 0.9437999725341797,
    "evaluator_note": "cifar_resnet18_features_fid_only",
    "fallback_fraction": 0.0,
    "fid": 418.27587112663883,
    "gate_usage_entropy": 0.23970839497633278,
    "num_samples": 32.0,
    "num_steps": 100.0,
    "precision": NaN,
    "recall": NaN,
    "risk_margin_mean_over_steps": 1.026176260552347e-06,
    "t_star": 0.9630379676818848,
    "usage_frac_0": 0.77294921875,
    "usage_frac_1": 0.0,
    "usage_frac_2": 0.0,
    "usage_frac_3": 0.01123046875,
    "usage_frac_4": 0.0,
    "usage_frac_5": 0.0,
    "usage_frac_6": 0.0,
    "usage_frac_7": 0.0,
    "usage_frac_8": 0.0,
    "usage_frac_9": 0.2158203125
  },
  "paired_mixture_vs_risk_softmix": {
    "fid_diff_mix_minus_soft_ci95_hi": 0.0023733668580954263,
    "fid_diff_mix_minus_soft_ci95_lo": 0.0014468473169832914,
    "fid_diff_mix_minus_soft_mean": 0.0019101070875393589,
    "fid_diff_mix_minus_soft_pvalue_normal_approx": 6.400205356072995e-16,
    "fid_diff_mix_minus_soft_std": 0.00047271405158782397,
    "n_pairs": 4.0
  },
  "random_expert": {
    "commit_fraction": 0.0,
    "evaluator_note": "cifar_resnet18_features_fid_only",
    "fallback_count": 0.0,
    "fallback_fraction": 0.0,
    "fid": 420.8490164511953,
    "gate_usage_entropy": 0.9302407968789339,
    "num_samples": 32.0,
    "num_steps": 100.0,
    "precision": NaN,
    "recall": NaN,
    "usage_frac_0": 0.09765625,
    "usage_frac_1": 0.0947265625,
    "usage_frac_2": 0.1025390625,
    "usage_frac_3": 0.10791015625,
    "usage_frac_4": 0.09326171875,
    "usage_frac_5": 0.1044921875,
    "usage_frac_6": 0.1005859375,
    "usage_frac_7": 0.1025390625,
    "usage_frac_8": 0.09326171875,
    "usage_frac_9": 0.10302734375
  },
  "risk_commit_tstar": {
    "commit_fraction": 1.0,
    "commit_time_max": 0.9437999725341797,
    "commit_time_mean": 0.9437999725341797,
    "commit_time_min": 0.9437999725341797,
    "evaluator_note": "cifar_resnet18_features_fid_only",
    "fallback_count": 2208.0,
    "fallback_fraction": 0.69,
    "fid": 420.9384497629415,
    "gate_usage_entropy": 0.23105878802016377,
    "num_samples": 32.0,
    "num_steps": 100.0,
    "precision": NaN,
    "recall": NaN,
    "risk_margin_mean_over_steps": 1.0222564449691161e-06,
    "usage_frac_0": 0.78564453125,
    "usage_frac_1": 0.0,
    "usage_frac_2": 0.0,
    "usage_frac_3": 0.01025390625,
    "usage_frac_4": 0.0,
    "usage_frac_5": 0.0,
    "usage_frac_6": 0.0,
    "usage_frac_7": 0.0,
    "usage_frac_8": 0.0,
    "usage_frac_9": 0.2041015625
  }
}