{
  "baseline_euler": {
    "fid": 113.61537843553268,
    "precision": 0.431640625,
    "recall": 0.83251953125
  },
  "baseline_heun": {
    "fid": 111.43938671263669,
    "precision": 0.43408203125,
    "recall": 0.83251953125
  },
  "single_expert": {
    "fid": 530.3782557911674,
    "precision": 0.626953125,
    "recall": 0.7138671875
  },
  "random_expert": {
    "fid": 316.2933447058442,
    "precision": 0.138671875,
    "recall": 0.568359375
  },
  "best_expert": {
    "fid": 32.04760263499867,
    "precision": 0.55419921875,
    "recall": 0.85009765625
  },
  "mixture_score": {
    "fid": 211.60803751542994,
    "precision": 0.23583984375,
    "recall": 0.69091796875
  },
  "gated": {
    "fid": 103.12999129515104,
    "precision": 0.65283203125,
    "recall": 0.82763671875
  }
}