{
  "baseline_euler": {
    "fid": 113.61537843553268,
    "precision": 0.431640625,
    "recall": 0.83251953125
  },
  "baseline_heun": {
    "fid": 111.43938671263669,
    "precision": 0.43408203125,
    "recall": 0.83251953125
  },
  "single_expert": {
    "fid": 835.5809153300688,
    "precision": 0.6923828125,
    "recall": 0.58154296875
  },
  "random_expert": {
    "fid": 103.12120980403827,
    "precision": 0.39404296875,
    "recall": 0.8583984375
  },
  "best_expert": {
    "fid": 57.91869753601746,
    "precision": 0.55078125,
    "recall": 0.8486328125
  },
  "mixture_score": {
    "fid": 115.87769007293707,
    "precision": 0.3759765625,
    "recall": 0.84033203125
  },
  "gated": {
    "fid": 25.744450369875068,
    "precision": 0.60595703125,
    "recall": 0.8486328125
  }
}